Time(ms),S1_Voltage,S2_Voltage,S3_Voltage,S4_Voltage,S5_Voltage,S6_Voltage,S1_Resistance,S2_Resistance,S3_Resistance,S4_Resistance,S5_Resistance,S6_Resistance,Label
0,3.180645,3.206452,3.203226,2.916129,3.187097,3.174194,21851.91,28106.23,27142.03,6229.241,23147.45,20689.25,zero
21,3.225806,3.2,3.225806,2.916129,3.248387,3.177419,35652.21,26240.03,35652.21,6229.241,51608.8,21255.28,zero
41,3.209677,3.196774,3.245161,2.951613,3.222581,3.180645,29139.31,25394.4,48524.75,6947.224,34132.53,21851.91,zero
60,3.177419,3.170968,3.225806,2.96129,3.212903,3.170968,21255.28,20151.48,35652.21,7169.145,30248.92,20151.48,zero
79,3.203226,3.222581,3.232258,2.912903,3.196774,3.212903,27142.03,34132.53,39125.75,6170.498,25394.4,30248.92,zero
99,3.187097,3.232258,3.225806,2.951613,3.193548,3.190323,23147.45,39125.75,35652.21,6947.224,24600.02,23852.38,zero
118,3.23871,3.222581,3.206452,2.970968,3.187097,3.2,43330.57,34132.53,28106.23,7404.12,23147.45,26240.03,zero
139,3.196774,3.216129,3.26129,2.912903,3.180645,3.193548,25394.4,31443.88,69085.06,6170.498,21851.91,24600.02,zero
158,3.196774,3.190323,3.251613,2.903226,3.196774,3.183871,25394.4,23852.38,55104.05,5999.998,25394.4,22481.69,zero
177,3.170968,3.158064,3.264516,2.941936,3.209677,3.183871,20151.48,18244.99,75440.07,6737.299,29139.31,22481.69,zero
196,3.196774,3.251613,3.212903,2.954839,3.190323,3.212903,25394.4,55104.05,30248.92,7019.815,23852.38,30248.92,zero
215,3.209677,3.251613,3.196774,2.93871,3.248387,3.212903,29139.31,55104.05,25394.4,6669.824,51608.8,30248.92,zero
236,3.183871,3.190323,3.212903,2.93871,3.190323,3.241935,22481.69,23852.38,30248.92,6669.824,23852.38,45783.38,zero
256,3.235484,3.245161,3.222581,2.909677,3.196774,3.190323,41123.04,48524.75,34132.53,6112.726,25394.4,23852.38,zero
276,3.229032,3.167742,3.248387,2.948387,3.248387,3.203226,37310.04,19639.98,51608.8,6875.965,51608.8,27142.03,zero
295,3.248387,3.216129,3.235484,2.941936,3.177419,3.196774,51608.8,31443.88,41123.04,6737.299,21255.28,25394.4,zero
314,3.190323,3.245161,3.267742,2.93871,3.225806,3.232258,23852.38,48524.75,83066.08,6669.824,35652.21,39125.75,zero
335,3.2,3.183871,3.26129,2.925807,3.209677,3.180645,26240.03,22481.69,69085.06,6411.554,29139.31,21851.91,zero
354,3.23871,3.180645,3.193548,2.958065,3.187097,3.196774,43330.57,21851.91,24600.02,7093.775,23147.45,25394.4,zero
373,3.216129,3.203226,3.196774,2.916129,3.248387,3.241935,31443.88,27142.03,25394.4,6229.241,51608.8,45783.38,zero
395,3.232258,3.206452,3.251613,2.922581,3.248387,3.193548,39125.75,28106.23,55104.05,6349.746,51608.8,24600.02,zero
415,3.212903,3.241935,3.206452,2.945161,3.209677,3.177419,30248.92,45783.38,28106.23,6806.002,29139.31,21255.28,zero
435,3.222581,3.193548,3.225806,2.977419,3.190323,3.167742,34132.53,24600.02,35652.21,7568.602,23852.38,19639.98,zero
456,3.251613,3.190323,3.216129,2.977419,3.235484,3.190323,55104.05,23852.38,31443.88,7568.602,41123.04,23852.38,zero
476,3.2,3.241935,3.222581,2.932258,3.196774,3.2,26240.03,45783.38,34132.53,6538.423,25394.4,26240.03,zero
495,3.196774,3.183871,3.206452,2.974194,3.216129,3.232258,25394.4,22481.69,28106.23,7485.546,31443.88,39125.75,zero
514,3.232258,3.193548,3.190323,2.941936,3.187097,3.203226,39125.75,24600.02,23852.38,6737.299,23147.45,27142.03,zero
534,3.219355,3.180645,3.196774,2.929032,3.190323,3.174194,32734.43,21851.91,25394.4,6474.437,23852.38,20689.25,zero
555,3.232258,3.219355,3.206452,2.941936,3.183871,3.174194,39125.75,32734.43,28106.23,6737.299,22481.69,20689.25,zero
576,3.258065,3.196774,3.216129,2.964516,3.229032,3.180645,63707.75,25394.4,31443.88,7245.964,37310.04,21851.91,zero
595,3.187097,3.183871,3.225806,2.935484,3.196774,3.216129,23147.45,22481.69,35652.21,6603.542,25394.4,31443.88,zero
615,3.183871,3.235484,3.248387,2.929032,3.251613,3.170968,22481.69,41123.04,51608.8,6474.437,55104.05,20151.48,zero
635,3.183871,3.193548,3.212903,2.935484,3.193548,3.196774,22481.69,24600.02,30248.92,6603.542,24600.02,25394.4,zero
656,3.219355,3.180645,3.2,2.929032,3.187097,3.229032,32734.43,21851.91,26240.03,6474.437,23147.45,37310.04,zero
675,3.190323,3.232258,3.241935,2.941936,3.203226,3.170968,23852.38,39125.75,45783.38,6737.299,27142.03,20151.48,zero
694,3.216129,3.225806,3.187097,2.951613,3.193548,3.23871,31443.88,35652.21,23147.45,6947.224,24600.02,43330.57,zero
713,3.174194,3.251613,3.254839,2.932258,3.254839,3.245161,20689.25,55104.05,59098.63,6538.423,59098.63,48524.75,zero
731,3.206452,3.193548,3.254839,2.916129,3.196774,3.170968,28106.23,24600.02,59098.63,6229.241,25394.4,20151.48,zero
750,3.206452,3.174194,3.183871,2.96129,3.193548,3.187097,28106.23,20689.25,22481.69,7169.145,24600.02,23147.45,zero
771,3.225806,3.193548,3.209677,2.932258,3.251613,3.235484,35652.21,24600.02,29139.31,6538.423,55104.05,41123.04,zero
791,3.241935,3.212903,3.222581,2.925807,3.258065,3.222581,45783.38,30248.92,34132.53,6411.554,63707.75,34132.53,zero
810,3.180645,3.216129,3.203226,2.932258,3.222581,3.170968,21851.91,31443.88,27142.03,6538.423,34132.53,20151.48,zero
828,3.2,3.216129,3.193548,2.925807,3.222581,3.245161,26240.03,31443.88,24600.02,6411.554,34132.53,48524.75,zero
846,3.222581,3.212903,3.219355,2.964516,3.209677,3.170968,34132.53,30248.92,32734.43,7245.964,29139.31,20151.48,zero
864,3.203226,3.193548,3.2,2.925807,3.209677,3.245161,27142.03,24600.02,26240.03,6411.554,29139.31,48524.75,zero
882,3.183871,3.203226,3.203226,2.958065,3.209677,3.183871,22481.69,27142.03,27142.03,7093.775,29139.31,22481.69,zero
902,3.183871,3.190323,3.26129,2.970968,3.196774,3.193548,22481.69,23852.38,69085.06,7404.12,25394.4,24600.02,zero
920,3.190323,3.190323,3.206452,2.916129,3.229032,3.187097,23852.38,23852.38,28106.23,6229.241,37310.04,23147.45,zero
940,3.241935,3.183871,3.2,2.951613,3.222581,3.2,45783.38,22481.69,26240.03,6947.224,34132.53,26240.03,zero
958,3.170968,3.216129,3.254839,2.945161,3.232258,3.229032,20151.48,31443.88,59098.63,6806.002,39125.75,37310.04,zero
979,3.190323,3.219355,3.209677,2.916129,3.219355,3.212903,23852.38,32734.43,29139.31,6229.241,32734.43,30248.92,zero
1000,3.206452,3.183871,3.2,2.958065,3.206452,3.180645,28106.23,22481.69,26240.03,7093.775,28106.23,21851.91,zero
1021,3.235484,3.209677,3.193548,2.967742,3.254839,3.193548,41123.04,29139.31,24600.02,7324.274,59098.63,24600.02,zero
1040,3.174194,3.190323,3.187097,2.945161,3.241935,3.170968,20689.25,23852.38,23147.45,6806.002,45783.38,20151.48,zero
1060,3.190323,3.183871,3.212903,2.941936,3.222581,3.174194,23852.38,22481.69,30248.92,6737.299,34132.53,20689.25,zero
1079,3.187097,3.193548,3.222581,2.932258,3.219355,3.2,23147.45,24600.02,34132.53,6538.423,32734.43,26240.03,zero
1098,3.203226,3.180645,3.248387,2.935484,3.193548,3.187097,27142.03,21851.91,51608.8,6603.542,24600.02,23147.45,zero
1118,3.183871,3.190323,3.212903,2.935484,3.212903,3.225806,22481.69,23852.38,30248.92,6603.542,30248.92,35652.21,zero
1137,3.23871,3.206452,3.183871,2.929032,3.187097,3.209677,43330.57,28106.23,22481.69,6474.437,23147.45,29139.31,zero
1156,3.258065,3.193548,3.209677,2.941936,3.203226,3.212903,63707.75,24600.02,29139.31,6737.299,27142.03,30248.92,zero
1175,3.225806,3.212903,3.216129,2.929032,3.206452,3.180645,35652.21,30248.92,31443.88,6474.437,28106.23,21851.91,zero
1197,3.180645,3.2,3.203226,2.919355,3.23871,3.212903,21851.91,26240.03,27142.03,6288.985,43330.57,30248.92,zero
1218,3.187097,3.190323,3.203226,2.932258,3.219355,3.225806,23147.45,23852.38,27142.03,6538.423,32734.43,35652.21,zero
1239,3.241935,3.225806,3.254839,2.929032,3.180645,3.177419,45783.38,35652.21,59098.63,6474.437,21851.91,21255.28,zero
1258,3.232258,3.23871,3.254839,2.951613,3.203226,3.180645,39125.75,43330.57,59098.63,6947.224,27142.03,21851.91,zero
1278,3.183871,3.225806,3.229032,2.925807,3.187097,3.219355,22481.69,35652.21,37310.04,6411.554,23147.45,32734.43,zero
1297,3.216129,3.23871,3.248387,2.945161,3.209677,3.2,31443.88,43330.57,51608.8,6806.002,29139.31,26240.03,zero
1316,3.193548,3.190323,3.241935,2.980645,3.216129,3.245161,24600.02,23852.38,45783.38,7653.334,31443.88,48524.75,zero
1337,3.216129,3.248387,3.193548,2.932258,3.177419,3.193548,31443.88,51608.8,24600.02,6538.423,21255.28,24600.02,zero
1355,3.177419,3.222581,3.196774,2.941936,3.209677,3.196774,21255.28,34132.53,25394.4,6737.299,29139.31,25394.4,zero
1375,3.209677,3.232258,3.219355,2.951613,3.187097,3.167742,29139.31,39125.75,32734.43,6947.224,23147.45,19639.98,zero
1397,3.212903,3.190323,3.241935,2.935484,3.2,3.23871,30248.92,23852.38,45783.38,6603.542,26240.03,43330.57,zero
1416,3.216129,3.222581,3.245161,2.935484,3.212903,3.177419,31443.88,34132.53,48524.75,6603.542,30248.92,21255.28,zero
1434,3.190323,3.241935,3.216129,2.941936,3.174194,3.23871,23852.38,45783.38,31443.88,6737.299,20689.25,43330.57,zero
1453,3.229032,3.183871,3.206452,2.925807,3.187097,3.183871,37310.04,22481.69,28106.23,6411.554,23147.45,22481.69,zero
1472,3.216129,3.203226,3.212903,2.919355,3.245161,3.212903,31443.88,27142.03,30248.92,6288.985,48524.75,30248.92,zero
1492,3.241935,3.193548,3.183871,2.983871,3.183871,3.180645,45783.38,24600.02,22481.69,7739.797,22481.69,21851.91,zero
1509,3.170968,3.212903,3.196774,2.93871,3.23871,3.2,20151.48,30248.92,25394.4,6669.824,43330.57,26240.03,zero
1529,3.193548,3.183871,3.216129,2.929032,3.190323,3.177419,24600.02,22481.69,31443.88,6474.437,23852.38,21255.28,zero
1548,3.187097,3.196774,3.241935,2.906451,3.206452,3.212903,23147.45,25394.4,45783.38,6055.899,28106.23,30248.92,zero
1566,3.180645,3.219355,3.219355,2.906451,3.187097,3.23871,21851.91,32734.43,32734.43,6055.899,23147.45,43330.57,zero
1585,3.183871,3.183871,3.193548,2.964516,3.203226,3.23871,22481.69,22481.69,24600.02,7245.964,27142.03,43330.57,zero
1602,3.180645,3.2,3.241935,2.948387,3.2,3.225806,21851.91,26240.03,45783.38,6875.965,26240.03,35652.21,zero
1620,3.245161,3.216129,3.23871,2.890322,3.212903,3.196774,48524.75,31443.88,43330.57,5785.195,30248.92,25394.4,zero
1640,3.2,3.241935,3.180645,2.903226,3.245161,3.206452,26240.03,45783.38,21851.91,5999.998,48524.75,28106.23,zero
1660,3.183871,3.216129,3.225806,2.945161,3.209677,3.232258,22481.69,31443.88,35652.21,6806.002,29139.31,39125.75,zero
1680,3.225806,3.177419,3.183871,2.941936,3.203226,3.174194,35652.21,21255.28,22481.69,6737.299,27142.03,20689.25,zero
1701,3.222581,3.190323,3.196774,2.958065,3.235484,3.248387,34132.53,23852.38,25394.4,7093.775,41123.04,51608.8,zero
1719,3.196774,3.235484,3.187097,2.922581,3.196774,3.167742,25394.4,41123.04,23147.45,6349.746,25394.4,19639.98,transition
1737,3.2,3.180645,3.190323,2.93871,3.251613,3.196774,26240.03,21851.91,23852.38,6669.824,55104.05,25394.4,transition
1754,3.2,3.177419,3.193548,2.919355,3.2,3.245161,26240.03,21255.28,24600.02,6288.985,26240.03,48524.75,transition
1772,3.248387,3.225806,3.212903,2.890322,3.183871,3.170968,51608.8,35652.21,30248.92,5785.195,22481.69,20151.48,transition
1791,3.2,3.193548,3.264516,2.877419,3.2,3.206452,26240.03,24600.02,75440.07,5583.51,26240.03,28106.23,transition
1811,3.193548,3.254839,3.225806,2.880645,3.196774,3.245161,24600.02,59098.63,35652.21,5632.768,25394.4,48524.75,transition
1830,3.183871,3.232258,3.212903,2.935484,3.235484,3.203226,22481.69,39125.75,30248.92,6603.542,41123.04,27142.03,transition
1850,3.248387,3.225806,3.235484,2.867742,3.225806,3.206452,51608.8,35652.21,41123.04,5440.148,35652.21,28106.23,transition
1870,3.2,3.232258,3.203226,2.932258,3.183871,3.203226,26240.03,39125.75,27142.03,6538.423,22481.69,27142.03,transition
1889,3.180645,3.23871,3.225806,2.874193,3.219355,3.187097,21851.91,43330.57,35652.21,5534.999,32734.43,23147.45,transition
1910,3.196774,3.183871,3.254839,2.919355,3.251613,3.196774,25394.4,22481.69,59098.63,6288.985,55104.05,25394.4,transition
1928,3.193548,3.167742,3.193548,2.9,3.196774,3.170968,24600.02,19639.98,24600.02,5944.999,25394.4,20151.48,transition
1949,3.206452,3.241935,3.254839,2.870968,3.258065,3.180645,28106.23,45783.38,59098.63,5487.217,63707.75,21851.91,transition
1969,3.212903,3.235484,3.241935,2.909677,3.183871,3.245161,30248.92,41123.04,45783.38,6112.726,22481.69,48524.75,transition
1987,3.183871,3.180645,3.203226,2.906451,3.193548,3.187097,22481.69,21851.91,27142.03,6055.899,24600.02,23147.45,transition
2005,3.209677,3.164516,3.206452,2.86129,3.23871,3.229032,29139.31,19152.84,28106.23,5348.087,43330.57,37310.04,transition
2024,3.187097,3.129032,3.212903,2.912903,3.187097,3.219355,23147.45,15007.54,30248.92,6170.498,23147.45,32734.43,transition
2044,3.26129,3.203226,3.209677,2.887097,3.216129,3.206452,69085.06,27142.03,29139.31,5733.592,31443.88,28106.23,transition
2062,3.235484,3.203226,3.2,2.932258,3.264516,3.174194,41123.04,27142.03,26240.03,6538.423,75440.07,20689.25,transition
2080,3.245161,3.158064,3.216129,2.890322,3.216129,3.225806,48524.75,18244.99,31443.88,5785.195,31443.88,35652.21,transition
2097,3.190323,3.125806,3.222581,2.883871,3.241935,3.219355,23852.38,14714.44,34132.53,5682.79,45783.38,32734.43,transition
2115,3.183871,3.151613,3.229032,2.870968,3.225806,3.241935,22481.69,17416.07,37310.04,5487.217,35652.21,45783.38,transition
2133,3.16129,3.216129,3.212903,2.874193,3.209677,3.219355,18688.36,31443.88,30248.92,5534.999,29139.31,32734.43,transition
2151,3.180645,3.167742,3.241935,2.864516,3.180645,3.232258,21851.91,19639.98,45783.38,5393.777,21851.91,39125.75,transition
2168,3.196774,3.170968,3.193548,2.854839,3.245161,3.180645,25394.4,20151.48,24600.02,5258.695,48524.75,21851.91,transition
2186,3.219355,3.164516,3.203226,2.890322,3.174194,3.206452,32734.43,19152.84,27142.03,5785.195,20689.25,28106.23,transition
2204,3.187097,3.125806,3.232258,2.883871,3.180645,3.196774,23147.45,14714.44,39125.75,5682.79,21851.91,25394.4,transition
2221,3.174194,3.13871,3.235484,2.909677,3.209677,3.229032,20689.25,15957.19,41123.04,6112.726,29139.31,37310.04,transition
2239,3.248387,3.141935,3.193548,2.887097,3.187097,3.229032,51608.8,16299.58,24600.02,5733.592,23147.45,37310.04,transition
2257,3.212903,3.141935,3.254839,2.929032,3.196774,3.248387,30248.92,16299.58,59098.63,6474.437,25394.4,51608.8,transition
2275,3.190323,3.180645,3.203226,2.854839,3.196774,3.183871,23852.38,21851.91,27142.03,5258.695,25394.4,22481.69,transition
2293,3.180645,3.180645,3.222581,2.854839,3.203226,3.183871,21851.91,21851.91,34132.53,5258.695,27142.03,22481.69,transition
2310,3.225806,3.148387,3.251613,2.864516,3.2,3.248387,35652.21,17028.07,55104.05,5393.777,26240.03,51608.8,transition
2329,3.241935,3.206452,3.219355,2.845161,3.193548,3.187097,45783.38,28106.23,32734.43,5129.361,24600.02,23147.45,transition
2347,3.212903,3.154839,3.241935,2.9,3.216129,3.235484,30248.92,17821.32,45783.38,5944.999,31443.88,41123.04,transition
2368,3.245161,3.1,3.196774,2.877419,3.225806,3.187097,48524.75,12710,25394.4,5583.51,35652.21,23147.45,transition
2387,3.206452,3.03871,3.222581,2.9,3.235484,3.248387,28106.23,9536.297,34132.53,5944.999,41123.04,51608.8,transition
2405,3.196774,3.074193,3.2,2.896774,3.26129,3.183871,25394.4,11163.71,26240.03,5890.878,69085.06,22481.69,transition
2423,3.193548,3.054839,3.183871,2.922581,3.254839,3.232258,24600.02,10217.63,22481.69,6349.746,59098.63,39125.75,transition
2441,3.183871,3.045161,3.251613,2.906451,3.209677,3.219355,22481.69,9798.481,55104.05,6055.899,29139.31,32734.43,transition
2458,3.235484,3.125806,3.216129,2.874193,3.177419,3.206452,41123.04,14714.44,31443.88,5534.999,21255.28,28106.23,transition
2476,3.245161,3.151613,3.190323,2.906451,3.219355,3.193548,48524.75,17416.07,23852.38,6055.899,32734.43,24600.02,transition
2495,3.2,3.132258,3.251613,2.858064,3.183871,3.2,26240.03,15311.92,55104.05,5303.065,22481.69,26240.03,transition
2513,3.193548,3.074193,3.203226,2.903226,3.206452,3.158064,24600.02,11163.71,27142.03,5999.998,28106.23,18244.99,transition
2532,3.187097,3.096774,3.248387,2.909677,3.183871,3.174194,23147.45,12495.24,51608.8,6112.726,22481.69,20689.25,transition
2551,3.23871,3.122581,3.235484,2.896774,3.193548,3.16129,43330.57,14431.99,41123.04,5890.878,24600.02,18688.36,transition
2571,3.177419,3.090322,3.23871,2.93871,3.203226,3.174194,21255.28,12085.54,43330.57,6669.824,27142.03,20689.25,transition
2589,3.180645,3.083871,3.232258,2.906451,3.251613,3.209677,21851.91,11700.3,39125.75,6055.899,55104.05,29139.31,transition
2607,3.245161,3.093548,3.248387,2.909677,3.183871,3.235484,48524.75,12287.18,51608.8,6112.726,22481.69,41123.04,transition
2625,3.190323,3.109677,3.229032,2.903226,3.2,3.180645,23852.38,13397.96,37310.04,5999.998,26240.03,21851.91,transition
2643,3.2,3.077419,3.196774,2.932258,3.245161,3.235484,26240.03,11337.39,25394.4,6538.423,48524.75,41123.04,transition
2661,3.180645,3.087097,3.258065,2.867742,3.2,3.174194,21851.91,11890,63707.75,5440.148,26240.03,20689.25,transition
2679,3.219355,3.077419,3.222581,2.877419,3.2,3.167742,32734.43,11337.39,34132.53,5583.51,26240.03,19639.98,action
2697,3.23871,3.083871,3.212903,2.874193,3.196774,3.177419,43330.57,11700.3,30248.92,5534.999,25394.4,21255.28,action
2716,3.229032,3.093548,3.183871,2.880645,3.241935,3.225806,37310.04,12287.18,22481.69,5632.768,45783.38,35652.21,action
2735,3.232258,3.109677,3.196774,2.867742,3.232258,3.180645,39125.75,13397.96,25394.4,5440.148,39125.75,21851.91,action
2755,3.190323,3.077419,3.222581,2.874193,3.193548,3.177419,23852.38,11337.39,34132.53,5534.999,24600.02,21255.28,action
2777,3.187097,3.116129,3.225806,2.86129,3.206452,3.177419,23147.45,13896.84,35652.21,5348.087,28106.23,21255.28,action
2797,3.170968,3.125806,3.187097,2.9,3.245161,3.177419,20151.48,14714.44,23147.45,5944.999,48524.75,21255.28,action
2818,3.229032,3.116129,3.241935,2.903226,3.254839,3.187097,37310.04,13896.84,45783.38,5999.998,59098.63,23147.45,action
2837,3.196774,3.116129,3.209677,2.935484,3.23871,3.170968,25394.4,13896.84,29139.31,6603.542,43330.57,20151.48,action
2855,3.190323,3.132258,3.26129,2.867742,3.2,3.177419,23852.38,15311.92,69085.06,5440.148,26240.03,21255.28,action
2874,3.183871,3.112903,3.23871,2.932258,3.216129,3.183871,22481.69,13643.1,43330.57,6538.423,31443.88,22481.69,action
2892,3.2,3.145161,3.216129,2.880645,3.206452,3.241935,26240.03,16656.24,31443.88,5632.768,28106.23,45783.38,action
2910,3.180645,3.112903,3.26129,2.874193,3.180645,3.196774,21851.91,13643.1,69085.06,5534.999,21851.91,25394.4,action
2934,3.183871,3.096774,3.196774,2.870968,3.203226,3.23871,22481.69,12495.24,25394.4,5487.217,27142.03,43330.57,action
2952,3.241935,3.103226,3.203226,2.877419,3.245161,3.245161,45783.38,12931.8,27142.03,5583.51,48524.75,48524.75,action
2970,3.209677,3.1,3.245161,2.903226,3.254839,3.180645,29139.31,12710,48524.75,5999.998,59098.63,21851.91,action
2988,3.170968,3.096774,3.216129,2.890322,3.174194,3.196774,20151.48,12495.24,31443.88,5785.195,20689.25,25394.4,action
3007,3.229032,3.1,3.187097,2.880645,3.2,3.187097,37310.04,12710,23147.45,5632.768,26240.03,23147.45,action
3024,3.2,3.116129,3.23871,2.880645,3.251613,3.193548,26240.03,13896.84,43330.57,5632.768,55104.05,24600.02,action
3042,3.183871,3.180645,3.209677,2.9,3.187097,3.209677,22481.69,21851.91,29139.31,5944.999,23147.45,29139.31,action
3060,3.187097,3.154839,3.193548,2.867742,3.193548,3.209677,23147.45,17821.32,24600.02,5440.148,24600.02,29139.31,action
3078,3.225806,3.148387,3.196774,2.870968,3.196774,3.212903,35652.21,17028.07,25394.4,5487.217,25394.4,30248.92,action
3096,3.180645,3.122581,3.216129,2.874193,3.196774,3.206452,21851.91,14431.99,31443.88,5534.999,25394.4,28106.23,action
3114,3.212903,3.16129,3.177419,2.870968,3.196774,3.222581,30248.92,18688.36,21255.28,5487.217,25394.4,34132.53,action
3132,3.190323,3.116129,3.222581,2.903226,3.26129,3.187097,23852.38,13896.84,34132.53,5999.998,69085.06,23147.45,action
3155,3.245161,3.164516,3.209677,2.883871,3.2,3.209677,48524.75,19152.84,29139.31,5682.79,26240.03,29139.31,action
3175,3.2,3.116129,3.241935,2.877419,3.23871,3.170968,26240.03,13896.84,45783.38,5583.51,43330.57,20151.48,action
3197,3.206452,3.125806,3.232258,2.874193,3.187097,3.216129,28106.23,14714.44,39125.75,5534.999,23147.45,31443.88,action
3215,3.190323,3.170968,3.203226,2.896774,3.232258,3.187097,23852.38,20151.48,27142.03,5890.878,39125.75,23147.45,action
3235,3.248387,3.119355,3.229032,2.874193,3.193548,3.187097,51608.8,14159.64,37310.04,5534.999,24600.02,23147.45,action
3255,3.212903,3.187097,3.248387,2.903226,3.235484,3.229032,30248.92,23147.45,51608.8,5999.998,41123.04,37310.04,action
3273,3.183871,3.183871,3.193548,2.919355,3.216129,3.23871,22481.69,22481.69,24600.02,6288.985,31443.88,43330.57,action
3293,3.212903,3.170968,3.222581,2.874193,3.183871,3.229032,30248.92,20151.48,34132.53,5534.999,22481.69,37310.04,action
3312,3.183871,3.170968,3.206452,2.877419,3.187097,3.196774,22481.69,20151.48,28106.23,5583.51,23147.45,25394.4,action
3330,3.174194,3.148387,3.241935,2.896774,3.196774,3.174194,20689.25,17028.07,45783.38,5890.878,25394.4,20689.25,action
3348,3.212903,3.13871,3.183871,2.9,3.2,3.187097,30248.92,15957.19,22481.69,5944.999,26240.03,23147.45,action
3366,3.206452,3.219355,3.229032,2.906451,3.174194,3.16129,28106.23,32734.43,37310.04,6055.899,20689.25,18688.36,action
3384,3.248387,3.203226,3.193548,2.887097,3.23871,3.170968,51608.8,27142.03,24600.02,5733.592,43330.57,20151.48,action
3402,3.183871,3.154839,3.2,2.880645,3.248387,3.180645,22481.69,17821.32,26240.03,5632.768,51608.8,21851.91,action
3419,3.248387,3.196774,3.26129,2.932258,3.206452,3.212903,51608.8,25394.4,69085.06,6538.423,28106.23,30248.92,action
3437,3.177419,3.151613,3.216129,2.932258,3.258065,3.167742,21255.28,17416.07,31443.88,6538.423,63707.75,19639.98,action
3455,3.183871,3.206452,3.248387,2.880645,3.209677,3.219355,22481.69,28106.23,51608.8,5632.768,29139.31,32734.43,action
3473,3.203226,3.148387,3.183871,2.880645,3.190323,3.177419,27142.03,17028.07,22481.69,5632.768,23852.38,21255.28,transition
3490,3.219355,3.206452,3.216129,2.893548,3.222581,3.203226,32734.43,28106.23,31443.88,5837.618,34132.53,27142.03,transition
3510,3.209677,3.193548,3.190323,2.919355,3.232258,3.170968,29139.31,24600.02,23852.38,6288.985,39125.75,20151.48,transition
3527,3.183871,3.212903,3.23871,2.919355,3.206452,3.180645,22481.69,30248.92,43330.57,6288.985,28106.23,21851.91,transition
3548,3.248387,3.222581,3.219355,2.919355,3.206452,3.183871,51608.8,34132.53,32734.43,6288.985,28106.23,22481.69,transition
3567,3.209677,3.235484,3.229032,2.893548,3.203226,3.174194,29139.31,41123.04,37310.04,5837.618,27142.03,20689.25,transition
3586,3.26129,3.180645,3.254839,2.86129,3.26129,3.209677,69085.06,21851.91,59098.63,5348.087,69085.06,29139.31,transition
3604,3.180645,3.158064,3.203226,2.890322,3.216129,3.196774,21851.91,18244.99,27142.03,5785.195,31443.88,25394.4,transition
3624,3.222581,3.174194,3.212903,2.887097,3.245161,3.229032,34132.53,20689.25,30248.92,5733.592,48524.75,37310.04,transition
3643,3.23871,3.219355,3.206452,2.945161,3.183871,3.177419,43330.57,32734.43,28106.23,6806.002,22481.69,21255.28,transition
3661,3.209677,3.193548,3.177419,2.896774,3.254839,3.212903,29139.31,24600.02,21255.28,5890.878,59098.63,30248.92,transition
3680,3.241935,3.229032,3.23871,2.909677,3.222581,3.187097,45783.38,37310.04,43330.57,6112.726,34132.53,23147.45,transition
3699,3.212903,3.180645,3.193548,2.909677,3.183871,3.225806,30248.92,21851.91,24600.02,6112.726,22481.69,35652.21,transition
3718,3.229032,3.174194,3.177419,2.877419,3.190323,3.180645,37310.04,20689.25,21255.28,5583.51,23852.38,21851.91,transition
3738,3.187097,3.212903,3.206452,2.86129,3.2,3.225806,23147.45,30248.92,28106.23,5348.087,26240.03,35652.21,transition
3759,3.235484,3.190323,3.190323,2.86129,3.2,3.225806,41123.04,23852.38,23852.38,5348.087,26240.03,35652.21,transition
3782,3.206452,3.203226,3.219355,2.912903,3.232258,3.180645,28106.23,27142.03,32734.43,6170.498,39125.75,21851.91,transition
3803,3.193548,3.219355,3.203226,2.854839,3.190323,3.245161,24600.02,32734.43,27142.03,5258.695,23852.38,48524.75,transition
3821,3.235484,3.190323,3.209677,2.864516,3.193548,3.187097,41123.04,23852.38,29139.31,5393.777,24600.02,23147.45,transition
3838,3.222581,3.187097,3.206452,2.858064,3.232258,3.183871,34132.53,23147.45,28106.23,5303.065,39125.75,22481.69,transition
3857,3.190323,3.245161,3.254839,2.835484,3.216129,3.225806,23852.38,48524.75,59098.63,5005.416,31443.88,35652.21,transition
3876,3.177419,3.212903,3.264516,2.896774,3.193548,3.180645,21255.28,30248.92,75440.07,5890.878,24600.02,21851.91,transition
3893,3.258065,3.235484,3.251613,2.851613,3.196774,3.222581,63707.75,41123.04,55104.05,5214.963,25394.4,34132.53,transition
3911,3.190323,3.193548,3.219355,2.883871,3.180645,3.180645,23852.38,24600.02,32734.43,5682.79,21851.91,21851.91,transition
3929,3.193548,3.225806,3.180645,2.832258,3.212903,3.206452,24600.02,35652.21,21851.91,4965.241,30248.92,28106.23,transition
3947,3.187097,3.183871,3.270968,2.845161,3.258065,3.174194,23147.45,22481.69,92386.75,5129.361,63707.75,20689.25,transition
3965,3.206452,3.212903,3.212903,2.890322,3.26129,3.16129,28106.23,30248.92,30248.92,5785.195,69085.06,18688.36,transition
3986,3.203226,3.177419,3.216129,2.870968,3.222581,3.190323,27142.03,21255.28,31443.88,5487.217,34132.53,23852.38,transition
4007,3.216129,3.225806,3.209677,2.912903,3.212903,3.254839,31443.88,35652.21,29139.31,6170.498,30248.92,59098.63,transition
4029,3.206452,3.254839,3.225806,2.86129,3.222581,3.2,28106.23,59098.63,35652.21,5348.087,34132.53,26240.03,transition
4049,3.180645,3.209677,3.245161,2.9,3.258065,3.183871,21851.91,29139.31,48524.75,5944.999,63707.75,22481.69,transition
4070,3.251613,3.193548,3.203226,2.890322,3.258065,3.2,55104.05,24600.02,27142.03,5785.195,63707.75,26240.03,transition
4091,3.248387,3.190323,3.219355,2.874193,3.203226,3.232258,51608.8,23852.38,32734.43,5534.999,27142.03,39125.75,transition
4112,3.196774,3.219355,3.229032,2.896774,3.222581,3.193548,25394.4,32734.43,37310.04,5890.878,34132.53,24600.02,transition
4131,3.190323,3.196774,3.219355,2.903226,3.212903,3.212903,23852.38,25394.4,32734.43,5999.998,30248.92,30248.92,transition
4149,3.174194,3.193548,3.248387,2.906451,3.203226,3.245161,20689.25,24600.02,51608.8,6055.899,27142.03,48524.75,transition
4167,3.235484,3.23871,3.248387,2.890322,3.183871,3.232258,41123.04,43330.57,51608.8,5785.195,22481.69,39125.75,transition
4185,3.216129,3.193548,3.174194,2.951613,3.222581,3.196774,31443.88,24600.02,20689.25,6947.224,34132.53,25394.4,transition
4204,3.193548,3.229032,3.248387,2.906451,3.180645,3.232258,24600.02,37310.04,51608.8,6055.899,21851.91,39125.75,transition
4224,3.216129,3.196774,3.258065,2.958065,3.248387,3.190323,31443.88,25394.4,63707.75,7093.775,51608.8,23852.38,transition
4244,3.177419,3.2,3.26129,2.916129,3.187097,3.174194,21255.28,26240.03,69085.06,6229.241,23147.45,20689.25,transition
4263,3.206452,3.206452,3.190323,2.903226,3.229032,3.2,28106.23,28106.23,23852.38,5999.998,37310.04,26240.03,transition
4281,3.196774,3.190323,3.222581,2.925807,3.193548,3.248387,25394.4,23852.38,34132.53,6411.554,24600.02,51608.8,transition
4303,3.187097,3.187097,3.235484,2.964516,3.180645,3.180645,23147.45,23147.45,41123.04,7245.964,21851.91,21851.91,transition
4321,3.225806,3.203226,3.196774,2.929032,3.2,3.183871,35652.21,27142.03,25394.4,6474.437,26240.03,22481.69,transition
4339,3.187097,3.258065,3.251613,2.925807,3.241935,3.235484,23147.45,63707.75,55104.05,6411.554,45783.38,41123.04,transition
4357,3.196774,3.235484,3.206452,2.896774,3.212903,3.170968,25394.4,41123.04,28106.23,5890.878,30248.92,20151.48,transition
4376,3.183871,3.196774,3.232258,2.912903,3.26129,3.251613,22481.69,25394.4,39125.75,6170.498,69085.06,55104.05,transition
4396,3.193548,3.190323,3.229032,2.9,3.206452,3.245161,24600.02,23852.38,37310.04,5944.999,28106.23,48524.75,transition
4414,3.216129,3.258065,3.206452,2.948387,3.196774,3.219355,31443.88,63707.75,28106.23,6875.965,25394.4,32734.43,transition
4432,3.232258,3.245161,3.229032,2.909677,3.254839,3.216129,39125.75,48524.75,37310.04,6112.726,59098.63,31443.88,transition
4450,3.212903,3.216129,3.206452,2.96129,3.190323,3.248387,30248.92,31443.88,28106.23,7169.145,23852.38,51608.8,transition
4468,3.183871,3.174194,3.206452,2.964516,3.251613,3.209677,22481.69,20689.25,28106.23,7245.964,55104.05,29139.31,transition
4486,3.235484,3.183871,3.216129,2.922581,3.193548,3.180645,41123.04,22481.69,31443.88,6349.746,24600.02,21851.91,transition
4505,3.196774,3.203226,3.216129,2.967742,3.193548,3.222581,25394.4,27142.03,31443.88,7324.274,24600.02,34132.53,transition
4525,3.241935,3.190323,3.206452,2.93871,3.196774,3.203226,45783.38,23852.38,28106.23,6669.824,25394.4,27142.03,transition
4543,3.23871,3.196774,3.264516,2.916129,3.2,3.225806,43330.57,25394.4,75440.07,6229.241,26240.03,35652.21,transition
4563,3.187097,3.212903,3.26129,2.896774,3.229032,3.203226,23147.45,30248.92,69085.06,5890.878,37310.04,27142.03,transition
4582,3.206452,3.248387,3.254839,2.893548,3.2,3.229032,28106.23,51608.8,59098.63,5837.618,26240.03,37310.04,transition
4601,3.206452,3.187097,3.219355,2.880645,3.251613,3.248387,28106.23,23147.45,32734.43,5632.768,55104.05,51608.8,transition
4621,3.206452,3.193548,3.264516,2.883871,3.190323,3.225806,28106.23,24600.02,75440.07,5682.79,23852.38,35652.21,transition
4639,3.219355,3.183871,3.229032,2.874193,3.245161,3.225806,32734.43,22481.69,37310.04,5534.999,48524.75,35652.21,transition
4657,3.183871,3.23871,3.26129,2.890322,3.241935,3.2,22481.69,43330.57,69085.06,5785.195,45783.38,26240.03,transition
4675,3.193548,3.196774,3.222581,2.874193,3.209677,3.229032,24600.02,25394.4,34132.53,5534.999,29139.31,37310.04,transition
4694,3.190323,3.187097,3.2,2.893548,3.206452,3.212903,23852.38,23147.45,26240.03,5837.618,28106.23,30248.92,transition
4712,3.209677,3.216129,3.216129,2.870968,3.222581,3.180645,29139.31,31443.88,31443.88,5487.217,34132.53,21851.91,transition
4731,3.170968,3.23871,3.203226,2.912903,3.216129,3.174194,20151.48,43330.57,27142.03,6170.498,31443.88,20689.25,transition
4749,3.2,3.222581,3.209677,2.874193,3.187097,3.232258,26240.03,34132.53,29139.31,5534.999,23147.45,39125.75,transition
4768,3.196774,3.183871,3.264516,2.887097,3.183871,3.180645,25394.4,22481.69,75440.07,5733.592,22481.69,21851.91,transition
4787,3.196774,3.177419,3.225806,2.883871,3.190323,3.225806,25394.4,21255.28,35652.21,5682.79,23852.38,35652.21,transition
4805,3.187097,3.190323,3.187097,2.854839,3.248387,3.167742,23147.45,23852.38,23147.45,5258.695,51608.8,19639.98,transition
4823,3.174194,3.225806,3.222581,2.903226,3.2,3.193548,20689.25,35652.21,34132.53,5999.998,26240.03,24600.02,transition
4844,3.190323,3.229032,3.216129,2.870968,3.196774,3.187097,23852.38,37310.04,31443.88,5487.217,25394.4,23147.45,transition
4862,3.193548,3.196774,3.209677,2.890322,3.225806,3.196774,24600.02,25394.4,29139.31,5785.195,35652.21,25394.4,transition
4880,3.23871,3.212903,3.193548,2.890322,3.245161,3.177419,43330.57,30248.92,24600.02,5785.195,48524.75,21255.28,transition
4898,3.203226,3.187097,3.251613,2.919355,3.209677,3.216129,27142.03,23147.45,55104.05,6288.985,29139.31,31443.88,transition
4916,3.183871,3.177419,3.222581,2.896774,3.229032,3.180645,22481.69,21255.28,34132.53,5890.878,37310.04,21851.91,transition
4935,3.251613,3.187097,3.245161,2.877419,3.219355,3.232258,55104.05,23147.45,48524.75,5583.51,32734.43,39125.75,transition
4953,3.212903,3.219355,3.241935,2.922581,3.219355,3.212903,30248.92,32734.43,45783.38,6349.746,32734.43,30248.92,transition
4971,3.187097,3.193548,3.219355,2.887097,3.225806,3.219355,23147.45,24600.02,32734.43,5733.592,35652.21,32734.43,transition
4990,3.216129,3.148387,3.206452,2.919355,3.225806,3.222581,31443.88,17028.07,28106.23,6288.985,35652.21,34132.53,transition
5008,3.23871,3.16129,3.241935,2.880645,3.203226,3.187097,43330.57,18688.36,45783.38,5632.768,27142.03,23147.45,transition
5026,3.193548,3.209677,3.225806,2.929032,3.245161,3.2,24600.02,29139.31,35652.21,6474.437,48524.75,26240.03,transition
5044,3.187097,3.216129,3.235484,2.903226,3.229032,3.190323,23147.45,31443.88,41123.04,5999.998,37310.04,23852.38,transition
5062,3.248387,3.158064,3.190323,2.932258,3.209677,3.177419,51608.8,18244.99,23852.38,6538.423,29139.31,21255.28,action
5080,3.190323,3.180645,3.245161,2.887097,3.219355,3.241935,23852.38,21851.91,48524.75,5733.592,32734.43,45783.38,action
5098,3.209677,3.196774,3.245161,2.922581,3.258065,3.196774,29139.31,25394.4,48524.75,6349.746,63707.75,25394.4,action
5116,3.187097,3.170968,3.2,2.925807,3.190323,3.23871,23147.45,20151.48,26240.03,6411.554,23852.38,43330.57,action
5133,3.174194,3.151613,3.248387,2.941936,3.190323,3.206452,20689.25,17416.07,51608.8,6737.299,23852.38,28106.23,action
5152,3.190323,3.174194,3.206452,2.93871,3.251613,3.216129,23852.38,20689.25,28106.23,6669.824,55104.05,31443.88,action
5170,3.251613,3.154839,3.206452,2.903226,3.190323,3.216129,55104.05,17821.32,28106.23,5999.998,23852.38,31443.88,action
5188,3.229032,3.170968,3.26129,2.909677,3.180645,3.206452,37310.04,20151.48,69085.06,6112.726,21851.91,28106.23,action
5208,3.187097,3.145161,3.2,2.887097,3.193548,3.187097,23147.45,16656.24,26240.03,5733.592,24600.02,23147.45,action
5230,3.193548,3.196774,3.206452,2.906451,3.245161,3.180645,24600.02,25394.4,28106.23,6055.899,48524.75,21851.91,action
5251,3.254839,3.212903,3.219355,2.941936,3.180645,3.251613,59098.63,30248.92,32734.43,6737.299,21851.91,55104.05,action
5273,3.190323,3.16129,3.193548,2.896774,3.174194,3.190323,23852.38,18688.36,24600.02,5890.878,20689.25,23852.38,action
5294,3.212903,3.158064,3.203226,2.919355,3.258065,3.190323,30248.92,18244.99,27142.03,6288.985,63707.75,23852.38,action
5314,3.209677,3.216129,3.183871,2.870968,3.219355,3.241935,29139.31,31443.88,22481.69,5487.217,32734.43,45783.38,action
5335,3.183871,3.170968,3.235484,2.896774,3.254839,3.232258,22481.69,20151.48,41123.04,5890.878,59098.63,39125.75,action
5356,3.203226,3.209677,3.180645,2.890322,3.203226,3.164516,27142.03,29139.31,21851.91,5785.195,27142.03,19152.84,action
5376,3.225806,3.212903,3.212903,2.883871,3.190323,3.209677,35652.21,30248.92,30248.92,5682.79,23852.38,29139.31,action
5393,3.190323,3.177419,3.196774,2.874193,3.222581,3.196774,23852.38,21255.28,25394.4,5534.999,34132.53,25394.4,action
5411,3.212903,3.203226,3.183871,2.890322,3.225806,3.183871,30248.92,27142.03,22481.69,5785.195,35652.21,22481.69,action
5430,3.219355,3.151613,3.183871,2.877419,3.193548,3.209677,32734.43,17416.07,22481.69,5583.51,24600.02,29139.31,action
5449,3.245161,3.154839,3.196774,2.858064,3.248387,3.222581,48524.75,17821.32,25394.4,5303.065,51608.8,34132.53,action
5467,3.193548,3.16129,3.235484,2.906451,3.193548,3.232258,24600.02,18688.36,41123.04,6055.899,24600.02,39125.75,action
5488,3.206452,3.170968,3.222581,2.870968,3.193548,3.193548,28106.23,20151.48,34132.53,5487.217,24600.02,24600.02,action
5506,3.241935,3.135484,3.187097,2.932258,3.229032,3.187097,45783.38,15628.23,23147.45,6538.423,37310.04,23147.45,action
5524,3.183871,3.183871,3.193548,2.912903,3.216129,3.183871,22481.69,22481.69,24600.02,6170.498,31443.88,22481.69,action
5542,3.177419,3.206452,3.196774,2.880645,3.193548,3.193548,21255.28,28106.23,25394.4,5632.768,24600.02,24600.02,action
5560,3.170968,3.180645,3.212903,2.909677,3.2,3.196774,20151.48,21851.91,30248.92,6112.726,26240.03,25394.4,action
5578,3.222581,3.180645,3.2,2.883871,3.203226,3.187097,34132.53,21851.91,26240.03,5682.79,27142.03,23147.45,action
5598,3.190323,3.177419,3.232258,2.867742,3.190323,3.2,23852.38,21255.28,39125.75,5440.148,23852.38,26240.03,action
5616,3.245161,3.193548,3.23871,2.867742,3.219355,3.164516,48524.75,24600.02,43330.57,5440.148,32734.43,19152.84,action
5634,3.251613,3.177419,3.203226,2.925807,3.258065,3.183871,55104.05,21255.28,27142.03,6411.554,63707.75,22481.69,action
5653,3.193548,3.180645,3.203226,2.880645,3.206452,3.167742,24600.02,21851.91,27142.03,5632.768,28106.23,19639.98,action
5671,3.196774,3.177419,3.26129,2.9,3.196774,3.177419,25394.4,21255.28,69085.06,5944.999,25394.4,21255.28,action
5689,3.187097,3.167742,3.225806,2.867742,3.209677,3.196774,23147.45,19639.98,35652.21,5440.148,29139.31,25394.4,action
5709,3.193548,3.212903,3.209677,2.890322,3.196774,3.16129,24600.02,30248.92,29139.31,5785.195,25394.4,18688.36,action
5727,3.190323,3.16129,3.187097,2.877419,3.219355,3.232258,23852.38,18688.36,23147.45,5583.51,32734.43,39125.75,action
5745,3.219355,3.174194,3.235484,2.896774,3.23871,3.16129,32734.43,20689.25,41123.04,5890.878,43330.57,18688.36,action
5765,3.206452,3.212903,3.2,2.887097,3.241935,3.216129,28106.23,30248.92,26240.03,5733.592,45783.38,31443.88,action
5784,3.235484,3.170968,3.258065,2.870968,3.219355,3.16129,41123.04,20151.48,63707.75,5487.217,32734.43,18688.36,action
5802,3.232258,3.193548,3.180645,2.916129,3.235484,3.148387,39125.75,24600.02,21851.91,6229.241,41123.04,17028.07,action
5821,3.190323,3.190323,3.222581,2.858064,3.187097,3.180645,23852.38,23852.38,34132.53,5303.065,23147.45,21851.91,action
5839,3.229032,3.219355,3.212903,2.909677,3.225806,3.229032,37310.04,32734.43,30248.92,6112.726,35652.21,37310.04,action
5857,3.193548,3.16129,3.2,2.887097,3.216129,3.23871,24600.02,18688.36,26240.03,5733.592,31443.88,43330.57,action
5875,3.183871,3.174194,3.241935,2.877419,3.248387,3.170968,22481.69,20689.25,45783.38,5583.51,51608.8,20151.48,action
5893,3.183871,3.16129,3.193548,2.893548,3.193548,3.232258,22481.69,18688.36,24600.02,5837.618,24600.02,39125.75,action
5911,3.170968,3.216129,3.187097,2.883871,3.232258,3.174194,20151.48,31443.88,23147.45,5682.79,39125.75,20689.25,action
5929,3.225806,3.235484,3.187097,2.925807,3.248387,3.177419,35652.21,41123.04,23147.45,6411.554,51608.8,21255.28,action
5947,3.212903,3.245161,3.187097,2.874193,3.23871,3.164516,30248.92,48524.75,23147.45,5534.999,43330.57,19152.84,action
5965,3.193548,3.174194,3.190323,2.870968,3.225806,3.229032,24600.02,20689.25,23852.38,5487.217,35652.21,37310.04,action
5983,3.232258,3.229032,3.183871,2.877419,3.206452,3.225806,39125.75,37310.04,22481.69,5583.51,28106.23,35652.21,action
6001,3.203226,3.187097,3.232258,2.858064,3.222581,3.209677,27142.03,23147.45,39125.75,5303.065,34132.53,29139.31,action
6020,3.254839,3.216129,3.216129,2.896774,3.219355,3.248387,59098.63,31443.88,31443.88,5890.878,32734.43,51608.8,action
6038,3.190323,3.206452,3.2,2.86129,3.203226,3.216129,23852.38,28106.23,26240.03,5348.087,27142.03,31443.88,action
6056,3.177419,3.219355,3.203226,2.867742,3.235484,3.164516,21255.28,32734.43,27142.03,5440.148,41123.04,19152.84,action
6074,3.203226,3.251613,3.196774,2.890322,3.267742,3.174194,27142.03,55104.05,25394.4,5785.195,83066.08,20689.25,zero
6092,3.190323,3.229032,3.229032,2.867742,3.235484,3.183871,23852.38,37310.04,37310.04,5440.148,41123.04,22481.69,zero
6110,3.232258,3.241935,3.209677,2.854839,3.245161,3.216129,39125.75,45783.38,29139.31,5258.695,48524.75,31443.88,transition
6128,3.190323,3.241935,3.225806,2.896774,3.206452,3.174194,23852.38,45783.38,35652.21,5890.878,28106.23,20689.25,transition
6146,3.235484,3.235484,3.193548,2.896774,3.193548,3.180645,41123.04,41123.04,24600.02,5890.878,24600.02,21851.91,transition
6164,3.190323,3.235484,3.190323,2.903226,3.196774,3.180645,23852.38,41123.04,23852.38,5999.998,25394.4,21851.91,transition
6184,3.2,3.203226,3.193548,2.893548,3.212903,3.209677,26240.03,27142.03,24600.02,5837.618,30248.92,29139.31,transition
6202,3.196774,3.251613,3.251613,2.883871,3.258065,3.23871,25394.4,55104.05,55104.05,5682.79,63707.75,43330.57,transition
6220,3.196774,3.216129,3.225806,2.887097,3.196774,3.196774,25394.4,31443.88,35652.21,5733.592,25394.4,25394.4,transition
6239,3.193548,3.219355,3.209677,2.932258,3.183871,3.183871,24600.02,32734.43,29139.31,6538.423,22481.69,22481.69,transition
6258,3.196774,3.212903,3.206452,2.935484,3.183871,3.187097,25394.4,30248.92,28106.23,6603.542,22481.69,23147.45,transition
6277,3.225806,3.258065,3.196774,2.887097,3.251613,3.209677,35652.21,63707.75,25394.4,5733.592,55104.05,29139.31,transition
6298,3.187097,3.190323,3.254839,2.919355,3.193548,3.229032,23147.45,23852.38,59098.63,6288.985,24600.02,37310.04,transition
6320,3.241935,3.187097,3.203226,2.925807,3.2,3.170968,45783.38,23147.45,27142.03,6411.554,26240.03,20151.48,transition
6341,3.212903,3.180645,3.209677,2.893548,3.251613,3.180645,30248.92,21851.91,29139.31,5837.618,55104.05,21851.91,transition
6359,3.254839,3.209677,3.193548,2.912903,3.245161,3.167742,59098.63,29139.31,24600.02,6170.498,48524.75,19639.98,transition
6379,3.23871,3.245161,3.251613,2.883871,3.245161,3.187097,43330.57,48524.75,55104.05,5682.79,48524.75,23147.45,transition
6400,3.225806,3.212903,3.245161,2.903226,3.222581,3.209677,35652.21,30248.92,48524.75,5999.998,34132.53,29139.31,transition
6419,3.180645,3.183871,3.2,2.925807,3.225806,3.225806,21851.91,22481.69,26240.03,6411.554,35652.21,35652.21,transition
6437,3.241935,3.174194,3.225806,2.887097,3.26129,3.203226,45783.38,20689.25,35652.21,5733.592,69085.06,27142.03,transition
6455,3.248387,3.254839,3.245161,2.919355,3.258065,3.2,51608.8,59098.63,48524.75,6288.985,63707.75,26240.03,transition
6473,3.196774,3.254839,3.206452,2.9,3.2,3.183871,25394.4,59098.63,28106.23,5944.999,26240.03,22481.69,transition
6491,3.229032,3.219355,3.187097,2.906451,3.216129,3.193548,37310.04,32734.43,23147.45,6055.899,31443.88,24600.02,transition
6511,3.206452,3.206452,3.193548,2.941936,3.196774,3.170968,28106.23,28106.23,24600.02,6737.299,25394.4,20151.48,transition
6529,3.222581,3.23871,3.219355,2.958065,3.235484,3.206452,34132.53,43330.57,32734.43,7093.775,41123.04,28106.23,transition
6549,3.248387,3.193548,3.26129,2.903226,3.2,3.187097,51608.8,24600.02,69085.06,5999.998,26240.03,23147.45,transition
6568,3.177419,3.196774,3.219355,2.932258,3.23871,3.225806,21255.28,25394.4,32734.43,6538.423,43330.57,35652.21,transition
6586,3.196774,3.183871,3.241935,2.925807,3.229032,3.180645,25394.4,22481.69,45783.38,6411.554,37310.04,21851.91,transition
6604,3.225806,3.187097,3.190323,2.906451,3.193548,3.193548,35652.21,23147.45,23852.38,6055.899,24600.02,24600.02,transition
6622,3.216129,3.254839,3.193548,2.941936,3.203226,3.203226,31443.88,59098.63,24600.02,6737.299,27142.03,27142.03,transition
6641,3.248387,3.206452,3.267742,2.987097,3.190323,3.229032,51608.8,28106.23,83066.08,7828.042,23852.38,37310.04,transition
6659,3.190323,3.23871,3.254839,2.974194,3.187097,3.183871,23852.38,43330.57,59098.63,7485.546,23147.45,22481.69,transition
6678,3.193548,3.216129,3.180645,2.906451,3.2,3.241935,24600.02,31443.88,21851.91,6055.899,26240.03,45783.38,transition
6697,3.232258,3.193548,3.23871,2.893548,3.183871,3.167742,39125.75,24600.02,43330.57,5837.618,22481.69,19639.98,transition
6715,3.196774,3.251613,3.235484,2.941936,3.23871,3.193548,25394.4,55104.05,41123.04,6737.299,43330.57,24600.02,transition
6735,3.209677,3.206452,3.232258,2.893548,3.190323,3.212903,29139.31,28106.23,39125.75,5837.618,23852.38,30248.92,transition
6755,3.219355,3.180645,3.203226,2.932258,3.196774,3.190323,32734.43,21851.91,27142.03,6538.423,25394.4,23852.38,transition
6773,3.212903,3.190323,3.254839,2.922581,3.196774,3.170968,30248.92,23852.38,59098.63,6349.746,25394.4,20151.48,transition
6791,3.254839,3.216129,3.206452,2.922581,3.254839,3.174194,59098.63,31443.88,28106.23,6349.746,59098.63,20689.25,transition
6809,3.232258,3.180645,3.216129,2.912903,3.251613,3.229032,39125.75,21851.91,31443.88,6170.498,55104.05,37310.04,transition
6827,3.225806,3.235484,3.26129,2.887097,3.190323,3.212903,35652.21,41123.04,69085.06,5733.592,23852.38,30248.92,transition
6846,3.229032,3.203226,3.177419,2.880645,3.174194,3.206452,37310.04,27142.03,21255.28,5632.768,20689.25,28106.23,transition
6865,3.2,3.222581,3.219355,2.893548,3.193548,3.254839,26240.03,34132.53,32734.43,5837.618,24600.02,59098.63,transition
6884,3.193548,3.2,3.251613,2.870968,3.229032,3.245161,24600.02,26240.03,55104.05,5487.217,37310.04,48524.75,transition
6903,3.187097,3.203226,3.2,2.874193,3.190323,3.190323,23147.45,27142.03,26240.03,5534.999,23852.38,23852.38,transition
6921,3.23871,3.235484,3.23871,2.9,3.251613,3.193548,43330.57,41123.04,43330.57,5944.999,55104.05,24600.02,action
6939,3.222581,3.203226,3.235484,2.932258,3.258065,3.167742,34132.53,27142.03,41123.04,6538.423,63707.75,19639.98,action
6957,3.193548,3.23871,3.203226,2.870968,3.222581,3.170968,24600.02,43330.57,27142.03,5487.217,34132.53,20151.48,action
6974,3.193548,3.196774,3.245161,2.880645,3.258065,3.209677,24600.02,25394.4,48524.75,5632.768,63707.75,29139.31,action
6992,3.177419,3.229032,3.225806,2.906451,3.251613,3.196774,21255.28,37310.04,35652.21,6055.899,55104.05,25394.4,action
7010,3.251613,3.2,3.245161,2.883871,3.190323,3.183871,55104.05,26240.03,48524.75,5682.79,23852.38,22481.69,action
7028,3.177419,3.209677,3.203226,2.883871,3.258065,3.212903,21255.28,29139.31,27142.03,5682.79,63707.75,30248.92,action
7046,3.248387,3.196774,3.245161,2.909677,3.216129,3.177419,51608.8,25394.4,48524.75,6112.726,31443.88,21255.28,action
7063,3.187097,3.212903,3.196774,2.903226,3.216129,3.177419,23147.45,30248.92,25394.4,5999.998,31443.88,21255.28,action
7081,3.203226,3.187097,3.203226,2.877419,3.248387,3.216129,27142.03,23147.45,27142.03,5583.51,51608.8,31443.88,action
7099,3.196774,3.219355,3.203226,2.893548,3.190323,3.241935,25394.4,32734.43,27142.03,5837.618,23852.38,45783.38,action
7116,3.206452,3.180645,3.2,2.922581,3.193548,3.23871,28106.23,21851.91,26240.03,6349.746,24600.02,43330.57,action
7135,3.187097,3.193548,3.225806,2.883871,3.196774,3.235484,23147.45,24600.02,35652.21,5682.79,25394.4,41123.04,action
7155,3.2,3.170968,3.225806,2.906451,3.203226,3.167742,26240.03,20151.48,35652.21,6055.899,27142.03,19639.98,action
7175,3.190323,3.209677,3.26129,2.880645,3.23871,3.180645,23852.38,29139.31,69085.06,5632.768,43330.57,21851.91,action
7193,3.258065,3.187097,3.190323,2.874193,3.183871,3.180645,63707.75,23147.45,23852.38,5534.999,22481.69,21851.91,action
7211,3.248387,3.183871,3.193548,2.896774,3.196774,3.212903,51608.8,22481.69,24600.02,5890.878,25394.4,30248.92,action
7229,3.193548,3.219355,3.245161,2.890322,3.232258,3.190323,24600.02,32734.43,48524.75,5785.195,39125.75,23852.38,action
7247,3.187097,3.190323,3.216129,2.912903,3.183871,3.241935,23147.45,23852.38,31443.88,6170.498,22481.69,45783.38,action
7265,3.235484,3.170968,3.232258,2.916129,3.196774,3.209677,41123.04,20151.48,39125.75,6229.241,25394.4,29139.31,action
7283,3.187097,3.229032,3.26129,2.870968,3.229032,3.196774,23147.45,37310.04,69085.06,5487.217,37310.04,25394.4,action
7301,3.251613,3.219355,3.187097,2.909677,3.206452,3.180645,55104.05,32734.43,23147.45,6112.726,28106.23,21851.91,action
7318,3.190323,3.222581,3.23871,2.880645,3.251613,3.170968,23852.38,34132.53,43330.57,5632.768,55104.05,20151.48,action
7336,3.258065,3.2,3.196774,2.932258,3.2,3.235484,63707.75,26240.03,25394.4,6538.423,26240.03,41123.04,action
7354,3.232258,3.196774,3.187097,2.935484,3.229032,3.212903,39125.75,25394.4,23147.45,6603.542,37310.04,30248.92,action
7371,3.245161,3.203226,3.196774,2.883871,3.254839,3.241935,48524.75,27142.03,25394.4,5682.79,59098.63,45783.38,action
7389,3.222581,3.2,3.216129,2.877419,3.245161,3.206452,34132.53,26240.03,31443.88,5583.51,48524.75,28106.23,action
7409,3.190323,3.167742,3.219355,2.893548,3.258065,3.174194,23852.38,19639.98,32734.43,5837.618,63707.75,20689.25,action
7427,3.26129,3.16129,3.2,2.874193,3.180645,3.206452,69085.06,18688.36,26240.03,5534.999,21851.91,28106.23,action
7447,3.235484,3.216129,3.193548,2.941936,3.229032,3.170968,41123.04,31443.88,24600.02,6737.299,37310.04,20151.48,action
7466,3.219355,3.187097,3.190323,2.883871,3.190323,3.206452,32734.43,23147.45,23852.38,5682.79,23852.38,28106.23,action
7485,3.193548,3.193548,3.190323,2.877419,3.251613,3.212903,24600.02,24600.02,23852.38,5583.51,55104.05,30248.92,action
7504,3.235484,3.206452,3.203226,2.922581,3.229032,3.180645,41123.04,28106.23,27142.03,6349.746,37310.04,21851.91,action
7523,3.216129,3.158064,3.225806,2.890322,3.251613,3.23871,31443.88,18244.99,35652.21,5785.195,55104.05,43330.57,action
7542,3.235484,3.180645,3.229032,2.912903,3.219355,3.229032,41123.04,21851.91,37310.04,6170.498,32734.43,37310.04,action
7559,3.254839,3.177419,3.196774,2.890322,3.2,3.174194,59098.63,21255.28,25394.4,5785.195,26240.03,20689.25,action
7577,3.193548,3.216129,3.229032,2.887097,3.26129,3.180645,24600.02,31443.88,37310.04,5733.592,69085.06,21851.91,action
7595,3.206452,3.187097,3.219355,2.93871,3.209677,3.183871,28106.23,23147.45,32734.43,6669.824,29139.31,22481.69,action
7613,3.2,3.219355,3.216129,2.867742,3.190323,3.225806,26240.03,32734.43,31443.88,5440.148,23852.38,35652.21,action
7631,3.203226,3.193548,3.254839,2.929032,3.2,3.193548,27142.03,24600.02,59098.63,6474.437,26240.03,24600.02,action
7649,3.196774,3.203226,3.203226,2.916129,3.26129,3.23871,25394.4,27142.03,27142.03,6229.241,69085.06,43330.57,action
7667,3.212903,3.219355,3.209677,2.925807,3.254839,3.241935,30248.92,32734.43,29139.31,6411.554,59098.63,45783.38,action
7685,3.235484,3.216129,3.209677,2.919355,3.245161,3.193548,41123.04,31443.88,29139.31,6288.985,48524.75,24600.02,action
7703,3.180645,3.203226,3.23871,2.912903,3.241935,3.16129,21851.91,27142.03,43330.57,6170.498,45783.38,18688.36,action
7722,3.187097,3.190323,3.2,2.925807,3.258065,3.174194,23147.45,23852.38,26240.03,6411.554,63707.75,20689.25,action
7740,3.177419,3.174194,3.183871,2.922581,3.183871,3.196774,21255.28,20689.25,22481.69,6349.746,22481.69,25394.4,action
7757,3.177419,3.193548,3.196774,2.941936,3.193548,3.193548,21255.28,24600.02,25394.4,6737.299,24600.02,24600.02,action
7776,3.190323,3.170968,3.167742,2.890322,3.248387,3.154839,23852.38,20151.48,19639.98,5785.195,51608.8,17821.32,action
7794,3.225806,3.180645,3.187097,2.93871,3.209677,3.164516,35652.21,21851.91,23147.45,6669.824,29139.31,19152.84,action
7812,3.222581,3.174194,3.196774,2.925807,3.2,3.219355,34132.53,20689.25,25394.4,6411.554,26240.03,32734.43,action
7830,3.206452,3.193548,3.254839,2.880645,3.254839,3.245161,28106.23,24600.02,59098.63,5632.768,59098.63,48524.75,action
7848,3.187097,3.248387,3.258065,2.877419,3.248387,3.212903,23147.45,51608.8,63707.75,5583.51,51608.8,30248.92,action
7867,3.180645,3.196774,3.241935,2.906451,3.2,3.212903,21851.91,25394.4,45783.38,6055.899,26240.03,30248.92,transition
7885,3.180645,3.232258,3.232258,2.932258,3.245161,3.16129,21851.91,39125.75,39125.75,6538.423,48524.75,18688.36,transition
7903,3.196774,3.177419,3.225806,2.945161,3.2,3.193548,25394.4,21255.28,35652.21,6806.002,26240.03,24600.02,transition
7925,3.193548,3.248387,3.2,2.93871,3.26129,3.183871,24600.02,51608.8,26240.03,6669.824,69085.06,22481.69,transition
7943,3.177419,3.193548,3.241935,2.951613,3.212903,3.174194,21255.28,24600.02,45783.38,6947.224,30248.92,20689.25,transition
7961,3.258065,3.187097,3.248387,2.893548,3.225806,3.164516,63707.75,23147.45,51608.8,5837.618,35652.21,19152.84,transition
7981,3.206452,3.187097,3.190323,2.883871,3.209677,3.187097,28106.23,23147.45,23852.38,5682.79,29139.31,23147.45,transition
8002,3.187097,3.254839,3.196774,2.893548,3.190323,3.183871,23147.45,59098.63,25394.4,5837.618,23852.38,22481.69,transition
8021,3.193548,3.235484,3.196774,2.864516,3.193548,3.193548,24600.02,41123.04,25394.4,5393.777,24600.02,24600.02,transition
8039,3.206452,3.187097,3.193548,2.877419,3.216129,3.2,28106.23,23147.45,24600.02,5583.51,31443.88,26240.03,transition
8058,3.254839,3.241935,3.229032,2.887097,3.229032,3.187097,59098.63,45783.38,37310.04,5733.592,37310.04,23147.45,transition
8077,3.229032,3.180645,3.222581,2.932258,3.235484,3.219355,37310.04,21851.91,34132.53,6538.423,41123.04,32734.43,transition
8095,3.190323,3.180645,3.196774,2.870968,3.193548,3.209677,23852.38,21851.91,25394.4,5487.217,24600.02,29139.31,transition
8115,3.229032,3.190323,3.209677,2.880645,3.183871,3.158064,37310.04,23852.38,29139.31,5632.768,22481.69,18244.99,transition
8133,3.241935,3.190323,3.190323,2.909677,3.187097,3.177419,45783.38,23852.38,23852.38,6112.726,23147.45,21255.28,transition
8152,3.2,3.206452,3.254839,2.919355,3.258065,3.219355,26240.03,28106.23,59098.63,6288.985,63707.75,32734.43,transition
8169,3.251613,3.196774,3.216129,2.909677,3.212903,3.203226,55104.05,25394.4,31443.88,6112.726,30248.92,27142.03,transition
8187,3.174194,3.206452,3.206452,2.877419,3.222581,3.183871,20689.25,28106.23,28106.23,5583.51,34132.53,22481.69,transition
8205,3.251613,3.190323,3.2,2.864516,3.196774,3.183871,55104.05,23852.38,26240.03,5393.777,25394.4,22481.69,transition
8223,3.248387,3.219355,3.209677,2.877419,3.193548,3.170968,51608.8,32734.43,29139.31,5583.51,24600.02,20151.48,transition
8240,3.196774,3.180645,3.219355,2.896774,3.245161,3.241935,25394.4,21851.91,32734.43,5890.878,48524.75,45783.38,transition
8258,3.177419,3.222581,3.177419,2.887097,3.190323,3.222581,21255.28,34132.53,21255.28,5733.592,23852.38,34132.53,transition
8276,3.209677,3.193548,3.206452,2.929032,3.248387,3.216129,29139.31,24600.02,28106.23,6474.437,51608.8,31443.88,transition
8294,3.203226,3.209677,3.251613,2.935484,3.241935,3.225806,27142.03,29139.31,55104.05,6603.542,45783.38,35652.21,transition
8312,3.219355,3.193548,3.23871,2.925807,3.245161,3.187097,32734.43,24600.02,43330.57,6411.554,48524.75,23147.45,transition
8330,3.216129,3.216129,3.2,2.906451,3.235484,3.212903,31443.88,31443.88,26240.03,6055.899,41123.04,30248.92,transition
8348,3.206452,3.254839,3.258065,2.890322,3.209677,3.216129,28106.23,59098.63,63707.75,5785.195,29139.31,31443.88,transition
8367,3.190323,3.180645,3.248387,2.906451,3.222581,3.203226,23852.38,21851.91,51608.8,6055.899,34132.53,27142.03,transition
8387,3.258065,3.187097,3.229032,2.893548,3.241935,3.212903,63707.75,23147.45,37310.04,5837.618,45783.38,30248.92,transition
8406,3.203226,3.222581,3.190323,2.941936,3.203226,3.187097,27142.03,34132.53,23852.38,6737.299,27142.03,23147.45,transition
8425,3.258065,3.23871,3.180645,2.887097,3.232258,3.177419,63707.75,43330.57,21851.91,5733.592,39125.75,21255.28,transition
8444,3.196774,3.174194,3.196774,2.912903,3.258065,3.245161,25394.4,20689.25,25394.4,6170.498,63707.75,48524.75,transition
8464,3.187097,3.222581,3.245161,2.9,3.193548,3.241935,23147.45,34132.53,48524.75,5944.999,24600.02,45783.38,transition
8482,3.222581,3.177419,3.225806,2.964516,3.203226,3.235484,34132.53,21255.28,35652.21,7245.964,27142.03,41123.04,transition
8502,3.216129,3.167742,3.229032,2.932258,3.193548,3.235484,31443.88,19639.98,37310.04,6538.423,24600.02,41123.04,transition
8521,3.180645,3.241935,3.196774,2.964516,3.170968,3.203226,21851.91,45783.38,25394.4,7245.964,20151.48,27142.03,transition
8540,3.190323,3.251613,3.26129,2.929032,3.190323,3.206452,23852.38,55104.05,69085.06,6474.437,23852.38,28106.23,zero
8560,3.193548,3.229032,3.193548,2.925807,3.235484,3.222581,24600.02,37310.04,24600.02,6411.554,41123.04,34132.53,zero
8577,3.241935,3.209677,3.23871,2.909677,3.222581,3.23871,45783.38,29139.31,43330.57,6112.726,34132.53,43330.57,zero
8595,3.180645,3.190323,3.2,2.909677,3.251613,3.232258,21851.91,23852.38,26240.03,6112.726,55104.05,39125.75,zero
8614,3.254839,3.196774,3.174194,2.948387,3.187097,3.190323,59098.63,25394.4,20689.25,6875.965,23147.45,23852.38,zero
8635,3.2,3.206452,3.190323,2.935484,3.196774,3.177419,26240.03,28106.23,23852.38,6603.542,25394.4,21255.28,zero
8653,3.206452,3.235484,3.203226,2.903226,3.26129,3.2,28106.23,41123.04,27142.03,5999.998,69085.06,26240.03,zero
8671,3.212903,3.219355,3.196774,2.941936,3.212903,3.183871,30248.92,32734.43,25394.4,6737.299,30248.92,22481.69,zero
8689,3.193548,3.190323,3.216129,2.906451,3.187097,3.164516,24600.02,23852.38,31443.88,6055.899,23147.45,19152.84,zero
8707,3.241935,3.190323,3.216129,2.9,3.2,3.187097,45783.38,23852.38,31443.88,5944.999,26240.03,23147.45,zero
8727,3.177419,3.2,3.23871,2.929032,3.225806,3.193548,21255.28,26240.03,43330.57,6474.437,35652.21,24600.02,zero
8746,3.180645,3.174194,3.183871,2.912903,3.187097,3.170968,21851.91,20689.25,22481.69,6170.498,23147.45,20151.48,zero
8765,3.187097,3.26129,3.26129,2.903226,3.209677,3.180645,23147.45,69085.06,69085.06,5999.998,29139.31,21851.91,zero
8783,3.216129,3.216129,3.229032,2.935484,3.219355,3.222581,31443.88,31443.88,37310.04,6603.542,32734.43,34132.53,zero
8802,3.216129,3.209677,3.196774,2.932258,3.196774,3.180645,31443.88,29139.31,25394.4,6538.423,25394.4,21851.91,zero
8822,3.203226,3.193548,3.193548,2.909677,3.203226,3.232258,27142.03,24600.02,24600.02,6112.726,27142.03,39125.75,zero
8840,3.248387,3.222581,3.187097,2.9,3.258065,3.190323,51608.8,34132.53,23147.45,5944.999,63707.75,23852.38,zero
8858,3.183871,3.248387,3.183871,2.922581,3.183871,3.183871,22481.69,51608.8,22481.69,6349.746,22481.69,22481.69,zero
8878,3.187097,3.251613,3.222581,2.945161,3.254839,3.216129,23147.45,55104.05,34132.53,6806.002,59098.63,31443.88,zero
8897,3.235484,3.241935,3.212903,2.912903,3.258065,3.167742,41123.04,45783.38,30248.92,6170.498,63707.75,19639.98,zero
8915,3.193548,3.183871,3.2,2.906451,3.177419,3.187097,24600.02,22481.69,26240.03,6055.899,21255.28,23147.45,zero
8934,3.251613,3.180645,3.222581,2.909677,3.245161,3.183871,55104.05,21851.91,34132.53,6112.726,48524.75,22481.69,zero
8952,3.219355,3.183871,3.219355,2.912903,3.203226,3.180645,32734.43,22481.69,32734.43,6170.498,27142.03,21851.91,zero
8970,3.248387,3.229032,3.258065,2.954839,3.209677,3.193548,51608.8,37310.04,63707.75,7019.815,29139.31,24600.02,zero
8989,3.229032,3.248387,3.264516,2.935484,3.245161,3.164516,37310.04,51608.8,75440.07,6603.542,48524.75,19152.84,zero
9007,3.193548,3.251613,3.23871,2.903226,3.251613,3.245161,24600.02,55104.05,43330.57,5999.998,55104.05,48524.75,zero
9025,3.2,3.206452,3.216129,2.9,3.212903,3.222581,26240.03,28106.23,31443.88,5944.999,30248.92,34132.53,zero
9043,3.241935,3.193548,3.209677,2.893548,3.164516,3.190323,45783.38,24600.02,29139.31,5837.618,19152.84,23852.38,zero
9062,3.222581,3.203226,3.254839,2.919355,3.193548,3.229032,34132.53,27142.03,59098.63,6288.985,24600.02,37310.04,zero
9082,3.23871,3.203226,3.2,2.896774,3.212903,3.219355,43330.57,27142.03,26240.03,5890.878,30248.92,32734.43,zero
9101,3.193548,3.196774,3.258065,2.954839,3.225806,3.241935,24600.02,25394.4,63707.75,7019.815,35652.21,45783.38,zero
9120,3.190323,3.167742,3.180645,2.935484,3.229032,3.251613,23852.38,19639.98,21851.91,6603.542,37310.04,55104.05,zero
9138,3.196774,3.206452,3.187097,2.893548,3.241935,3.170968,25394.4,28106.23,23147.45,5837.618,45783.38,20151.48,zero
9157,3.193548,3.216129,3.209677,2.96129,3.190323,3.219355,24600.02,31443.88,29139.31,7169.145,23852.38,32734.43,zero
9175,3.183871,3.209677,3.196774,2.893548,3.222581,3.232258,22481.69,29139.31,25394.4,5837.618,34132.53,39125.75,zero
9193,3.222581,3.206452,3.245161,2.922581,3.258065,3.193548,34132.53,28106.23,48524.75,6349.746,63707.75,24600.02,zero
9211,3.193548,3.225806,3.193548,2.909677,3.196774,3.193548,24600.02,35652.21,24600.02,6112.726,25394.4,24600.02,zero
9229,3.23871,3.219355,3.23871,2.922581,3.209677,3.229032,43330.57,32734.43,43330.57,6349.746,29139.31,37310.04,zero
9248,3.193548,3.203226,3.2,2.925807,3.196774,3.183871,24600.02,27142.03,26240.03,6411.554,25394.4,22481.69,zero
9266,3.183871,3.187097,3.209677,2.909677,3.196774,3.170968,22481.69,23147.45,29139.31,6112.726,25394.4,20151.48,zero
9286,3.193548,3.254839,3.26129,2.945161,3.216129,3.174194,24600.02,59098.63,69085.06,6806.002,31443.88,20689.25,zero
9306,3.2,3.248387,3.225806,2.893548,3.2,3.212903,26240.03,51608.8,35652.21,5837.618,26240.03,30248.92,zero
9325,3.216129,3.183871,3.2,2.925807,3.248387,3.183871,31443.88,22481.69,26240.03,6411.554,51608.8,22481.69,zero
9345,3.229032,3.187097,3.219355,2.929032,3.187097,3.196774,37310.04,23147.45,32734.43,6474.437,23147.45,25394.4,zero
9364,3.209677,3.241935,3.180645,2.919355,3.219355,3.196774,29139.31,45783.38,21851.91,6288.985,32734.43,25394.4,zero
9383,3.193548,3.180645,3.187097,2.958065,3.183871,3.177419,24600.02,21851.91,23147.45,7093.775,22481.69,21255.28,zero
9402,3.2,3.193548,3.2,2.896774,3.180645,3.193548,26240.03,24600.02,26240.03,5890.878,21851.91,24600.02,zero
9421,3.251613,3.212903,3.251613,2.909677,3.241935,3.190323,55104.05,30248.92,55104.05,6112.726,45783.38,23852.38,zero
9439,3.196774,3.187097,3.245161,2.896774,3.235484,3.203226,25394.4,23147.45,48524.75,5890.878,41123.04,27142.03,zero
9457,3.183871,3.222581,3.196774,2.903226,3.203226,3.183871,22481.69,34132.53,25394.4,5999.998,27142.03,22481.69,zero
9475,3.219355,3.206452,3.245161,2.948387,3.23871,3.212903,32734.43,28106.23,48524.75,6875.965,43330.57,30248.92,zero
9492,3.196774,3.196774,3.180645,2.932258,3.187097,3.206452,25394.4,25394.4,21851.91,6538.423,23147.45,28106.23,zero
9510,3.23871,3.229032,3.190323,2.906451,3.248387,3.222581,43330.57,37310.04,23852.38,6055.899,51608.8,34132.53,zero
9529,3.254839,3.193548,3.203226,2.958065,3.190323,3.174194,59098.63,24600.02,27142.03,7093.775,23852.38,20689.25,zero
9549,3.241935,3.254839,3.245161,2.970968,3.190323,3.203226,45783.38,59098.63,48524.75,7404.12,23852.38,27142.03,zero
9567,3.190323,3.241935,3.251613,2.916129,3.264516,3.229032,23852.38,45783.38,55104.05,6229.241,75440.07,37310.04,zero
9586,3.196774,3.174194,3.209677,2.903226,3.203226,3.190323,25394.4,20689.25,29139.31,5999.998,27142.03,23852.38,zero
9603,3.180645,3.187097,3.203226,2.941936,3.229032,3.177419,21851.91,23147.45,27142.03,6737.299,37310.04,21255.28,zero
9621,3.203226,3.203226,3.229032,2.925807,3.209677,3.196774,27142.03,27142.03,37310.04,6411.554,29139.31,25394.4,zero
9640,3.196774,3.219355,3.216129,2.932258,3.196774,3.180645,25394.4,32734.43,31443.88,6538.423,25394.4,21851.91,zero
9658,3.2,3.216129,3.187097,2.948387,3.26129,3.245161,26240.03,31443.88,23147.45,6875.965,69085.06,48524.75,zero
9678,3.216129,3.216129,3.209677,2.96129,3.187097,3.219355,31443.88,31443.88,29139.31,7169.145,23147.45,32734.43,zero
9698,3.177419,3.193548,3.23871,2.919355,3.187097,3.190323,21255.28,24600.02,43330.57,6288.985,23147.45,23852.38,zero
9721,3.2,3.190323,3.225806,2.893548,3.180645,3.23871,26240.03,23852.38,35652.21,5837.618,21851.91,43330.57,zero
9741,3.193548,3.241935,3.241935,2.919355,3.209677,3.177419,24600.02,45783.38,45783.38,6288.985,29139.31,21255.28,zero
9760,3.203226,3.222581,3.212903,2.922581,3.235484,3.2,27142.03,34132.53,30248.92,6349.746,41123.04,26240.03,zero
9779,3.170968,3.23871,3.248387,2.909677,3.206452,3.180645,20151.48,43330.57,51608.8,6112.726,28106.23,21851.91,zero
9796,3.187097,3.232258,3.180645,2.964516,3.2,3.196774,23147.45,39125.75,21851.91,7245.964,26240.03,25394.4,zero
9815,3.235484,3.193548,3.190323,2.967742,3.26129,3.187097,41123.04,24600.02,23852.38,7324.274,69085.06,23147.45,zero
9833,3.177419,3.212903,3.219355,2.9,3.196774,3.248387,21255.28,30248.92,32734.43,5944.999,25394.4,51608.8,zero
9854,3.190323,3.193548,3.2,2.912903,3.170968,3.206452,23852.38,24600.02,26240.03,6170.498,20151.48,28106.23,zero
9877,3.193548,3.190323,3.258065,2.929032,3.206452,3.235484,24600.02,23852.38,63707.75,6474.437,28106.23,41123.04,zero
9899,3.222581,3.203226,3.222581,2.948387,3.229032,3.167742,34132.53,27142.03,34132.53,6875.965,37310.04,19639.98,zero
9921,3.235484,3.212903,3.241935,2.948387,3.196774,3.235484,41123.04,30248.92,45783.38,6875.965,25394.4,41123.04,zero
9941,3.183871,3.26129,3.222581,2.929032,3.219355,3.187097,22481.69,69085.06,34132.53,6474.437,32734.43,23147.45,zero
